{
  "baseline": {
    "test_name": "baseline",
    "loss_history": [
      2.221589756011963,
      2.2080612182617188,
      2.184141969680786,
      2.1743501901626585,
      2.1659069418907166,
      2.1603724360466003,
      2.1563188672065734,
      2.1540603637695312,
      2.152092254161835,
      2.150910425186157
    ],
    "grad_norms": [
      0.03466203863073118,
      0.07688449365873733,
      0.11316911568258466,
      0.1336368377749693,
      0.130953240561076,
      0.13752087212528874,
      0.13894067566851165,
      0.14049078264938114,
      0.14040973512764623,
      0.14095087673164294
    ],
    "initial_loss": 2.221589756011963,
    "final_loss": 2.150910425186157,
    "loss_reduction_pct": 3.1814753662118265,
    "loss_decreased": true,
    "gradients_flowing": true,
    "loss_stable": true,
    "is_learning": true,
    "elapsed_seconds": 1.5976035594940186,
    "samples_per_epoch": 20,
    "num_epochs": 10
  },
  "optimized_b32": {
    "test_name": "optimized_b32",
    "loss_history": [
      2.2223254919052122,
      2.2145940542221068,
      2.2054935693740845,
      2.1951695322990417,
      2.186699831485748,
      2.1810578227043154,
      2.1774784684181214,
      2.175068438053131,
      2.1734362840652466,
      2.172323727607727
    ],
    "grad_norms": [
      0.007316755175784792,
      0.013273038234624755,
      0.018277013253189058,
      0.020372466983055608,
      0.02077248960572932,
      0.020790909005646153,
      0.02059649081731045,
      0.02031271430884316,
      0.02016340916309161,
      0.020075786612015745
    ],
    "initial_loss": 2.2223254919052122,
    "final_loss": 2.172323727607727,
    "loss_reduction_pct": 2.2499748340023076,
    "loss_decreased": true,
    "gradients_flowing": true,
    "loss_stable": true,
    "is_learning": true,
    "elapsed_seconds": 22.467816829681396,
    "samples_per_epoch": 20,
    "num_epochs": 10
  }
}