{
  "optimized": {
    "mode": "optimized",
    "samples_trained": 16,
    "total_time_s": 18.7057734375,
    "time_per_sample_ms": 1169.11083984375,
    "samples_per_second": 0.855350892250429,
    "peak_memory_mb": 1567.73681640625,
    "final_loss": 91.27582514286041,
    "loss_history": [
      91.27582514286041
    ],
    "hardware_info": {
      "device": "NVIDIA GeForce GTX 1650 with Max-Q Design",
      "memory_gb": 3.999755859375,
      "compute_capability": 7
    }
  },
  "baseline": {
    "mode": "baseline",
    "samples_trained": 2,
    "total_time_s": 17.561795473098755,
    "time_per_sample_ms": 8780.897736549377,
    "samples_per_second": 0.11388357204498879,
    "peak_memory_mb": 978.5615234375,
    "final_loss": 0.0269012451171875,
    "loss_history": [
      0.07684326171875,
      0.0269012451171875
    ],
    "hardware_info": {
      "device": "NVIDIA GeForce GTX 1650 with Max-Q Design",
      "memory_gb": 3.999755859375,
      "compute_capability": 7
    }
  },
  "comparison": {
    "speedup_x": 7.510748713717283,
    "throughput_ratio": 7.510748713717282
  },
  "timestamp": "2025-12-04 15:02:46"
}